commonName,officialName,tld,cca2,ccn3,cca3,independent,status,capital,region,subregion,latlng,landlocked,area,population,fifa,timezones,continents,capitalInfo,borders
Turks and Caicos Islands,Turks and Caicos Islands,['.tc'],TC,796,TCA,False,officially-assigned,['Cockburn Town'],Americas,Caribbean,"[21.75, -71.58333333]",False,948.0,38718,TCA,['UTC-04:00'],['North America'],"{'latlng': [21.46, -71.14]}",
Nigeria,Federal Republic of Nigeria,['.ng'],NG,566,NGA,True,officially-assigned,['Abuja'],Africa,Western Africa,"[10.0, 8.0]",False,923768.0,206139587,NGA,['UTC+01:00'],['Africa'],"{'latlng': [9.08, 7.53]}","['BEN', 'CMR', 'TCD', 'NER']"
Western Sahara,Sahrawi Arab Democratic Republic,['.eh'],EH,732,ESH,False,officially-assigned,['El Aaiún'],Africa,Northern Africa,"[24.5, -13.0]",False,266000.0,510713,,['UTC+00:00'],['Africa'],"{'latlng': [-13.28, 27.14]}","['DZA', 'MRT', 'MAR']"
Taiwan,Republic of China (Taiwan),"['.tw', '.台灣', '.台湾']",TW,158,TWN,False,officially-assigned,['Taipei'],Asia,Eastern Asia,"[23.5, 121.0]",False,36193.0,23503349,TPE,['UTC+08:00'],['Asia'],"{'latlng': [25.03, 121.52]}",
Costa Rica,Republic of Costa Rica,['.cr'],CR,188,CRI,True,officially-assigned,['San José'],Americas,Central America,"[10.0, -84.0]",False,51100.0,5094114,CRC,['UTC-06:00'],['North America'],"{'latlng': [9.93, -84.09]}","['NIC', 'PAN']"
Benin,Republic of Benin,['.bj'],BJ,204,BEN,True,officially-assigned,['Porto-Novo'],Africa,Western Africa,"[9.5, 2.25]",False,112622.0,12123198,BEN,['UTC+01:00'],['Africa'],"{'latlng': [6.48, 2.62]}","['BFA', 'NER', 'NGA', 'TGO']"
Honduras,Republic of Honduras,['.hn'],HN,340,HND,True,officially-assigned,['Tegucigalpa'],Americas,Central America,"[15.0, -86.5]",False,112492.0,9904608,HON,['UTC-06:00'],['North America'],"{'latlng': [14.1, -87.22]}","['GTM', 'SLV', 'NIC']"
Palau,Republic of Palau,['.pw'],PW,585,PLW,True,officially-assigned,['Ngerulmud'],Oceania,Micronesia,"[7.5, 134.5]",False,459.0,18092,,['UTC+09:00'],['Oceania'],"{'latlng': [7.5, 134.62]}",
Australia,Commonwealth of Australia,['.au'],AU,036,AUS,True,officially-assigned,['Canberra'],Oceania,Australia and New Zealand,"[-27.0, 133.0]",False,7692024.0,25687041,AUS,"['UTC+05:00', 'UTC+06:30', 'UTC+07:00', 'UTC+08:00', 'UTC+09:30', 'UTC+10:00', 'UTC+10:30', 'UTC+11:30']",['Oceania'],"{'latlng': [-35.27, 149.13]}",
Germany,Federal Republic of Germany,['.de'],DE,276,DEU,True,officially-assigned,['Berlin'],Europe,Western Europe,"[51.0, 9.0]",False,357114.0,83240525,GER,['UTC+01:00'],['Europe'],"{'latlng': [52.52, 13.4]}","['AUT', 'BEL', 'CZE', 'DNK', 'FRA', 'LUX', 'NLD', 'POL', 'CHE']"
Uzbekistan,Republic of Uzbekistan,['.uz'],UZ,860,UZB,True,officially-assigned,['Tashkent'],Asia,Central Asia,"[41.0, 64.0]",True,447400.0,34232050,UZB,['UTC+05:00'],['Asia'],"{'latlng': [41.32, 69.25]}","['AFG', 'KAZ', 'KGZ', 'TJK', 'TKM']"
Bolivia,Plurinational State of Bolivia,['.bo'],BO,068,BOL,True,officially-assigned,['Sucre'],Americas,South America,"[-17.0, -65.0]",True,1098581.0,11673029,BOL,['UTC-04:00'],['South America'],"{'latlng': [-19.02, -65.26]}","['ARG', 'BRA', 'CHL', 'PRY', 'PER']"
Ivory Coast,Republic of Côte d'Ivoire,['.ci'],CI,384,CIV,True,officially-assigned,['Yamoussoukro'],Africa,Western Africa,"[8.0, -5.0]",False,322463.0,26378275,CIV,['UTC'],['Africa'],"{'latlng': [6.82, -5.27]}","['BFA', 'GHA', 'GIN', 'LBR', 'MLI']"
Mongolia,Mongolia,['.mn'],MN,496,MNG,True,officially-assigned,['Ulan Bator'],Asia,Eastern Asia,"[46.0, 105.0]",True,1564110.0,3278292,MNG,"['UTC+07:00', 'UTC+08:00']",['Asia'],"{'latlng': [47.92, 106.91]}","['CHN', 'RUS']"
Singapore,Republic of Singapore,"['.sg', '.新加坡', '.சிங்கப்பூர்']",SG,702,SGP,True,officially-assigned,['Singapore'],Asia,South-Eastern Asia,"[1.36666666, 103.8]",False,710.0,5685807,SIN,['UTC+08:00'],['Asia'],"{'latlng': [1.28, 103.85]}",
Seychelles,Republic of Seychelles,['.sc'],SC,690,SYC,True,officially-assigned,['Victoria'],Africa,Eastern Africa,"[-4.58333333, 55.66666666]",False,452.0,98462,SEY,['UTC+04:00'],['Africa'],"{'latlng': [-4.62, 55.45]}",
Svalbard and Jan Mayen,Svalbard og Jan Mayen,['.sj'],SJ,744,SJM,False,officially-assigned,['Longyearbyen'],Europe,Northern Europe,"[78.0, 20.0]",False,-1.0,2562,,['UTC+01:00'],['Europe'],"{'latlng': [78.22, 15.63]}",
Bouvet Island,Bouvet Island,['.bv'],BV,074,BVT,False,officially-assigned,,Antarctic,,"[54.4208, 3.3464]",False,49.0,0,,['UTC+01:00'],['Antarctica'],{},
Haiti,Republic of Haiti,['.ht'],HT,332,HTI,True,officially-assigned,['Port-au-Prince'],Americas,Caribbean,"[19.0, -72.41666666]",False,27750.0,11402533,HAI,['UTC-05:00'],['North America'],"{'latlng': [18.53, -72.33]}",['DOM']
Nauru,Republic of Nauru,['.nr'],NR,520,NRU,True,officially-assigned,['Yaren'],Oceania,Micronesia,"[-0.53333333, 166.91666666]",False,21.0,10834,,['UTC+12:00'],['Oceania'],"{'latlng': [-0.55, 166.92]}",
Papua New Guinea,Independent State of Papua New Guinea,['.pg'],PG,598,PNG,True,officially-assigned,['Port Moresby'],Oceania,Melanesia,"[-6.0, 147.0]",False,462840.0,8947027,PNG,['UTC+10:00'],['Oceania'],"{'latlng': [-9.45, 147.18]}",['IDN']
Mozambique,Republic of Mozambique,['.mz'],MZ,508,MOZ,True,officially-assigned,['Maputo'],Africa,Eastern Africa,"[-18.25, 35.0]",False,801590.0,31255435,MOZ,['UTC+02:00'],['Africa'],"{'latlng': [-25.95, 32.58]}","['MWI', 'ZAF', 'SWZ', 'TZA', 'ZMB', 'ZWE']"
Pakistan,Islamic Republic of Pakistan,['.pk'],PK,586,PAK,True,officially-assigned,['Islamabad'],Asia,Southern Asia,"[30.0, 70.0]",False,881912.0,220892331,PAK,['UTC+05:00'],['Asia'],"{'latlng': [33.68, 73.05]}","['AFG', 'CHN', 'IND', 'IRN']"
Uganda,Republic of Uganda,['.ug'],UG,800,UGA,True,officially-assigned,['Kampala'],Africa,Eastern Africa,"[1.0, 32.0]",True,241550.0,45741000,UGA,['UTC+03:00'],['Africa'],"{'latlng': [0.32, 32.55]}","['COD', 'KEN', 'RWA', 'SSD', 'TZA']"
Antarctica,Antarctica,['.aq'],AQ,010,ATA,False,officially-assigned,,Antarctic,,"[-90.0, 0.0]",False,14000000.0,1000,,"['UTC-03:00', 'UTC+03:00', 'UTC+05:00', 'UTC+06:00', 'UTC+07:00', 'UTC+08:00', 'UTC+10:00', 'UTC+12:00']",['Antarctica'],{},
Botswana,Republic of Botswana,['.bw'],BW,072,BWA,True,officially-assigned,['Gaborone'],Africa,Southern Africa,"[-22.0, 24.0]",True,582000.0,2351625,BOT,['UTC+02:00'],['Africa'],"{'latlng': [-24.63, 25.9]}","['NAM', 'ZAF', 'ZMB', 'ZWE']"
Italy,Italian Republic,['.it'],IT,380,ITA,True,officially-assigned,['Rome'],Europe,Southern Europe,"[42.83333333, 12.83333333]",False,301336.0,59554023,ITA,['UTC+01:00'],['Europe'],"{'latlng': [41.9, 12.48]}","['AUT', 'FRA', 'SMR', 'SVN', 'CHE', 'VAT']"
Montserrat,Montserrat,['.ms'],MS,500,MSR,False,officially-assigned,['Plymouth'],Americas,Caribbean,"[16.75, -62.2]",False,102.0,4922,MSR,['UTC-04:00'],['North America'],"{'latlng': [16.7, -62.22]}",
Saudi Arabia,Kingdom of Saudi Arabia,"['.sa', '.السعودية']",SA,682,SAU,True,officially-assigned,['Riyadh'],Asia,Western Asia,"[25.0, 45.0]",False,2149690.0,34813867,KSA,['UTC+03:00'],['Asia'],"{'latlng': [24.65, 46.7]}","['IRQ', 'JOR', 'KWT', 'OMN', 'QAT', 'ARE', 'YEM']"
United Kingdom,United Kingdom of Great Britain and Northern Ireland,['.uk'],GB,826,GBR,True,officially-assigned,['London'],Europe,Northern Europe,"[54.0, -2.0]",False,242900.0,67215293,,"['UTC-08:00', 'UTC-05:00', 'UTC-04:00', 'UTC-03:00', 'UTC-02:00', 'UTC', 'UTC+01:00', 'UTC+02:00', 'UTC+06:00']",['Europe'],"{'latlng': [51.5, -0.08]}",['IRL']
Guatemala,Republic of Guatemala,['.gt'],GT,320,GTM,True,officially-assigned,['Guatemala City'],Americas,Central America,"[15.5, -90.25]",False,108889.0,16858333,GUA,['UTC-06:00'],['North America'],"{'latlng': [14.62, -90.52]}","['BLZ', 'SLV', 'HND', 'MEX']"
Guam,Guam,['.gu'],GU,316,GUM,False,officially-assigned,['Hagåtña'],Oceania,Micronesia,"[13.46666666, 144.78333333]",False,549.0,168783,GUM,['UTC+10:00'],['Oceania'],"{'latlng': [13.48, 144.75]}",
Angola,Republic of Angola,['.ao'],AO,024,AGO,True,officially-assigned,['Luanda'],Africa,Middle Africa,"[-12.5, 18.5]",False,1246700.0,32866268,ANG,['UTC+01:00'],['Africa'],"{'latlng': [-8.83, 13.22]}","['COG', 'COD', 'ZMB', 'NAM']"
Belarus,Republic of Belarus,['.by'],BY,112,BLR,True,officially-assigned,['Minsk'],Europe,Eastern Europe,"[53.0, 28.0]",True,207600.0,9398861,BLR,['UTC+03:00'],['Europe'],"{'latlng': [53.9, 27.57]}","['LVA', 'LTU', 'POL', 'RUS', 'UKR']"
Iceland,Iceland,['.is'],IS,352,ISL,True,officially-assigned,['Reykjavik'],Europe,Northern Europe,"[65.0, -18.0]",False,103000.0,366425,ISL,['UTC'],['Europe'],"{'latlng': [64.15, -21.95]}",
Saint Barthélemy,Collectivity of Saint Barthélemy,['.bl'],BL,652,BLM,False,officially-assigned,['Gustavia'],Americas,Caribbean,"[18.5, -63.41666666]",False,21.0,4255,,['UTC-04:00'],['North America'],"{'latlng': [17.88, -62.85]}",
Israel,State of Israel,['.il'],IL,376,ISR,True,officially-assigned,['Jerusalem'],Asia,Western Asia,"[31.47, 35.13]",False,20770.0,9216900,ISR,['UTC+02:00'],['Asia'],"{'latlng': [31.77, 35.23]}","['EGY', 'JOR', 'LBN', 'PSE', 'SYR']"
Saint Lucia,Saint Lucia,['.lc'],LC,662,LCA,True,officially-assigned,['Castries'],Americas,Caribbean,"[13.88333333, -60.96666666]",False,616.0,183629,LCA,['UTC-04:00'],['North America'],"{'latlng': [14.0, -61.0]}",
Malta,Republic of Malta,['.mt'],MT,470,MLT,True,officially-assigned,['Valletta'],Europe,Southern Europe,"[35.9375, 14.3754]",False,316.0,525285,MLT,['UTC+01:00'],['Europe'],"{'latlng': [35.88, 14.5]}",
Oman,Sultanate of Oman,['.om'],OM,512,OMN,True,officially-assigned,['Muscat'],Asia,Western Asia,"[21.0, 57.0]",False,309500.0,5106622,OMA,['UTC+04:00'],['Asia'],"{'latlng': [23.62, 58.58]}","['SAU', 'ARE', 'YEM']"
Morocco,Kingdom of Morocco,"['.ma', 'المغرب.']",MA,504,MAR,True,officially-assigned,['Rabat'],Africa,Northern Africa,"[32.0, -5.0]",False,446550.0,36910558,MAR,['UTC'],['Africa'],"{'latlng': [34.02, -6.82]}","['DZA', 'ESH', 'ESP']"
Cook Islands,Cook Islands,['.ck'],CK,184,COK,False,officially-assigned,['Avarua'],Oceania,Polynesia,"[-21.23333333, -159.76666666]",False,236.0,18100,COK,['UTC-10:00'],['Oceania'],"{'latlng': [-21.2, -159.77]}",
North Macedonia,Republic of North Macedonia,['.mk'],MK,807,MKD,True,officially-assigned,['Skopje'],Europe,Southeast Europe,"[41.83333333, 22.0]",True,25713.0,2077132,MKD,['UTC+01:00'],['Europe'],"{'latlng': [42.0, 21.43]}","['ALB', 'BGR', 'GRC', 'UNK', 'SRB']"
DR Congo,Democratic Republic of the Congo,['.cd'],CD,180,COD,True,officially-assigned,['Kinshasa'],Africa,Middle Africa,"[0.0, 25.0]",False,2344858.0,108407721,COD,"['UTC+01:00', 'UTC+02:00']",['Africa'],"{'latlng': [-4.32, 15.3]}","['AGO', 'BDI', 'CAF', 'COG', 'RWA', 'SSD', 'TZA', 'UGA', 'ZMB']"
Lebanon,Lebanese Republic,['.lb'],LB,422,LBN,True,officially-assigned,['Beirut'],Asia,Western Asia,"[33.83333333, 35.83333333]",False,10452.0,6825442,LBN,['UTC+02:00'],['Asia'],"{'latlng': [33.87, 35.5]}","['ISR', 'SYR']"
Liberia,Republic of Liberia,['.lr'],LR,430,LBR,True,officially-assigned,['Monrovia'],Africa,Western Africa,"[6.5, -9.5]",False,111369.0,5057677,LBR,['UTC'],['Africa'],"{'latlng': [6.3, -10.8]}","['GIN', 'CIV', 'SLE']"
Kiribati,Independent and Sovereign Republic of Kiribati,['.ki'],KI,296,KIR,True,officially-assigned,['South Tarawa'],Oceania,Micronesia,"[1.41666666, 173.0]",False,811.0,119446,,"['UTC+12:00', 'UTC+13:00', 'UTC+14:00']",['Oceania'],"{'latlng': [1.33, 172.98]}",
Eswatini,Kingdom of Eswatini,['.sz'],SZ,748,SWZ,True,officially-assigned,['Mbabane'],Africa,Southern Africa,"[-26.5, 31.5]",True,17364.0,1160164,SWZ,['UTC+02:00'],['Africa'],"{'latlng': [-26.32, 31.13]}","['MOZ', 'ZAF']"
Cyprus,Republic of Cyprus,['.cy'],CY,196,CYP,True,officially-assigned,['Nicosia'],Europe,Southern Europe,"[35.0, 33.0]",False,9251.0,1207361,CYP,['UTC+02:00'],['Europe'],"{'latlng': [35.17, 33.37]}",
Bhutan,Kingdom of Bhutan,['.bt'],BT,064,BTN,True,officially-assigned,['Thimphu'],Asia,Southern Asia,"[27.5, 90.5]",True,38394.0,771612,BHU,['UTC+06:00'],['Asia'],"{'latlng': [27.47, 89.63]}","['CHN', 'IND']"
Indonesia,Republic of Indonesia,['.id'],ID,360,IDN,True,officially-assigned,['Jakarta'],Asia,South-Eastern Asia,"[-5.0, 120.0]",False,1904569.0,273523621,IDN,"['UTC+07:00', 'UTC+08:00', 'UTC+09:00']",['Asia'],"{'latlng': [-6.17, 106.82]}","['TLS', 'MYS', 'PNG']"
Palestine,State of Palestine,"['.ps', 'فلسطين.']",PS,275,PSE,False,officially-assigned,"['Ramallah', 'Jerusalem']",Asia,Western Asia,"[31.9, 35.2]",False,6220.0,4803269,PLE,['UTC+02:00'],['Asia'],"{'latlng': [31.9, 35.2]}","['ISR', 'EGY', 'JOR']"
Egypt,Arab Republic of Egypt,"['.eg', '.مصر']",EG,818,EGY,True,officially-assigned,['Cairo'],Africa,Northern Africa,"[27.0, 30.0]",False,1002450.0,102334403,EGY,['UTC+02:00'],['Africa'],"{'latlng': [30.05, 31.25]}","['ISR', 'LBY', 'PSE', 'SDN']"
Kosovo,Republic of Kosovo,,XK,,UNK,,user-assigned,['Pristina'],Europe,Southeast Europe,"[42.666667, 21.166667]",True,10908.0,1775378,KVX,['UTC+01:00'],['Europe'],"{'latlng': [42.67, 21.17]}","['ALB', 'MKD', 'MNE', 'SRB']"
North Korea,Democratic People's Republic of Korea,['.kp'],KP,408,PRK,True,officially-assigned,['Pyongyang'],Asia,Eastern Asia,"[40.0, 127.0]",False,120538.0,25778815,PRK,['UTC+09:00'],['Asia'],"{'latlng': [39.02, 125.75]}","['CHN', 'KOR', 'RUS']"
Iraq,Republic of Iraq,['.iq'],IQ,368,IRQ,True,officially-assigned,['Baghdad'],Asia,Western Asia,"[33.0, 44.0]",False,438317.0,40222503,IRQ,['UTC+03:00'],['Asia'],"{'latlng': [33.33, 44.4]}","['IRN', 'JOR', 'KWT', 'SAU', 'SYR', 'TUR']"
Thailand,Kingdom of Thailand,"['.th', '.ไทย']",TH,764,THA,True,officially-assigned,['Bangkok'],Asia,South-Eastern Asia,"[15.0, 100.0]",False,513120.0,69799978,THA,['UTC+07:00'],['Asia'],"{'latlng': [13.75, 100.52]}","['MMR', 'KHM', 'LAO', 'MYS']"
Zimbabwe,Republic of Zimbabwe,['.zw'],ZW,716,ZWE,True,officially-assigned,['Harare'],Africa,Southern Africa,"[-20.0, 30.0]",True,390757.0,14862927,ZIM,['UTC+02:00'],['Africa'],"{'latlng': [-17.82, 31.03]}","['BWA', 'MOZ', 'ZAF', 'ZMB']"
Samoa,Independent State of Samoa,['.ws'],WS,882,WSM,True,officially-assigned,['Apia'],Oceania,Polynesia,"[-13.58333333, -172.33333333]",False,2842.0,198410,SAM,['UTC+13:00'],['Oceania'],"{'latlng': [-13.82, -171.77]}",
Austria,Republic of Austria,['.at'],AT,040,AUT,True,officially-assigned,['Vienna'],Europe,Central Europe,"[47.33333333, 13.33333333]",True,83871.0,8917205,AUT,['UTC+01:00'],['Europe'],"{'latlng': [48.2, 16.37]}","['CZE', 'DEU', 'HUN', 'ITA', 'LIE', 'SVK', 'SVN', 'CHE']"
Trinidad and Tobago,Republic of Trinidad and Tobago,['.tt'],TT,780,TTO,True,officially-assigned,['Port of Spain'],Americas,Caribbean,"[10.6918, -61.2225]",False,5130.0,1399491,TRI,['UTC-04:00'],['North America'],"{'latlng': [10.65, -61.52]}",
Dominican Republic,Dominican Republic,['.do'],DO,214,DOM,True,officially-assigned,['Santo Domingo'],Americas,Caribbean,"[19.0, -70.66666666]",False,48671.0,10847904,DOM,['UTC-04:00'],['North America'],"{'latlng': [18.47, -69.9]}",['HTI']
British Indian Ocean Territory,British Indian Ocean Territory,['.io'],IO,086,IOT,False,officially-assigned,['Diego Garcia'],Africa,Eastern Africa,"[-6.0, 71.5]",False,60.0,3000,,['UTC+06:00'],['Asia'],"{'latlng': [-7.3, 72.4]}",
Tanzania,United Republic of Tanzania,['.tz'],TZ,834,TZA,True,officially-assigned,['Dodoma'],Africa,Eastern Africa,"[-6.0, 35.0]",False,945087.0,59734213,TAN,['UTC+03:00'],['Africa'],"{'latlng': [-6.16, 35.75]}","['BDI', 'COD', 'KEN', 'MWI', 'MOZ', 'RWA', 'UGA', 'ZMB']"
Bulgaria,Republic of Bulgaria,['.bg'],BG,100,BGR,True,officially-assigned,['Sofia'],Europe,Southeast Europe,"[43.0, 25.0]",False,110879.0,6927288,BUL,['UTC+02:00'],['Europe'],"{'latlng': [42.68, 23.32]}","['GRC', 'MKD', 'ROU', 'SRB', 'TUR']"
Ethiopia,Federal Democratic Republic of Ethiopia,['.et'],ET,231,ETH,True,officially-assigned,['Addis Ababa'],Africa,Eastern Africa,"[8.0, 38.0]",True,1104300.0,114963583,ETH,['UTC+03:00'],['Africa'],"{'latlng': [9.03, 38.7]}","['DJI', 'ERI', 'KEN', 'SOM', 'SSD', 'SDN']"
Romania,Romania,['.ro'],RO,642,ROU,True,officially-assigned,['Bucharest'],Europe,Southeast Europe,"[46.0, 25.0]",False,238391.0,19286123,ROU,['UTC+02:00'],['Europe'],"{'latlng': [44.43, 26.1]}","['BGR', 'HUN', 'MDA', 'SRB', 'UKR']"
Madagascar,Republic of Madagascar,['.mg'],MG,450,MDG,True,officially-assigned,['Antananarivo'],Africa,Eastern Africa,"[-20.0, 47.0]",False,587041.0,27691019,MAD,['UTC+03:00'],['Africa'],"{'latlng': [-18.92, 47.52]}",
Vanuatu,Republic of Vanuatu,['.vu'],VU,548,VUT,True,officially-assigned,['Port Vila'],Oceania,Melanesia,"[-16.0, 167.0]",False,12189.0,307150,VAN,['UTC+11:00'],['Oceania'],"{'latlng': [-17.73, 168.32]}",
Dominica,Commonwealth of Dominica,['.dm'],DM,212,DMA,True,officially-assigned,['Roseau'],Americas,Caribbean,"[15.41666666, -61.33333333]",False,751.0,71991,DMA,['UTC-04:00'],['North America'],"{'latlng': [15.3, -61.4]}",
Republic of the Congo,Republic of the Congo,['.cg'],CG,178,COG,True,officially-assigned,['Brazzaville'],Africa,Middle Africa,"[-1.0, 15.0]",False,342000.0,5657000,CGO,['UTC+01:00'],['Africa'],"{'latlng': [-4.25, 15.28]}","['AGO', 'CMR', 'CAF', 'COD', 'GAB']"
Curaçao,Country of Curaçao,['.cw'],CW,531,CUW,False,officially-assigned,['Willemstad'],Americas,Caribbean,"[12.116667, -68.933333]",False,444.0,155014,CUW,['UTC-04:00'],['North America'],"{'latlng': [12.1, -68.92]}",
Turkey,Republic of Turkey,['.tr'],TR,792,TUR,True,officially-assigned,['Ankara'],Asia,Western Asia,"[39.0, 35.0]",False,783562.0,84339067,TUR,['UTC+03:00'],"['Europe', 'Asia']","{'latlng': [39.93, 32.87]}","['ARM', 'AZE', 'BGR', 'GEO', 'GRC', 'IRN', 'IRQ', 'SYR']"
Martinique,Martinique,['.mq'],MQ,474,MTQ,False,officially-assigned,['Fort-de-France'],Americas,Caribbean,"[14.666667, -61.0]",False,1128.0,378243,,['UTC-04:00'],['North America'],"{'latlng': [14.6, -61.08]}",
Burkina Faso,Burkina Faso,['.bf'],BF,854,BFA,True,officially-assigned,['Ouagadougou'],Africa,Western Africa,"[13.0, -2.0]",True,272967.0,20903278,BFA,['UTC'],['Africa'],"{'latlng': [12.37, -1.52]}","['BEN', 'CIV', 'GHA', 'MLI', 'NER', 'TGO']"
New Zealand,New Zealand,['.nz'],NZ,554,NZL,True,officially-assigned,['Wellington'],Oceania,Australia and New Zealand,"[-41.0, 174.0]",False,270467.0,5084300,NZL,"['UTC-11:00', 'UTC-10:00', 'UTC+12:00', 'UTC+12:45', 'UTC+13:00']",['Oceania'],"{'latlng': [-41.3, 174.78]}",
Wallis and Futuna,Territory of the Wallis and Futuna Islands,['.wf'],WF,876,WLF,False,officially-assigned,['Mata-Utu'],Oceania,Polynesia,"[-13.3, -176.2]",False,142.0,11750,,['UTC+12:00'],['Oceania'],"{'latlng': [-13.95, -171.93]}",
Yemen,Republic of Yemen,['.ye'],YE,887,YEM,True,officially-assigned,"[""Sana'a""]",Asia,Western Asia,"[15.0, 48.0]",False,527968.0,29825968,YEM,['UTC+03:00'],['Asia'],"{'latlng': [15.37, 44.19]}","['OMN', 'SAU']"
Ecuador,Republic of Ecuador,['.ec'],EC,218,ECU,True,officially-assigned,['Quito'],Americas,South America,"[-2.0, -77.5]",False,276841.0,17643060,ECU,"['UTC-06:00', 'UTC-05:00']",['South America'],"{'latlng': [-0.22, -78.5]}","['COL', 'PER']"
Nepal,Federal Democratic Republic of Nepal,['.np'],NP,524,NPL,True,officially-assigned,['Kathmandu'],Asia,Southern Asia,"[28.0, 84.0]",True,147181.0,29136808,NEP,['UTC+05:45'],['Asia'],"{'latlng': [27.72, 85.32]}","['CHN', 'IND']"
Åland Islands,Åland Islands,['.ax'],AX,248,ALA,False,officially-assigned,['Mariehamn'],Europe,Northern Europe,"[60.116667, 19.9]",False,1580.0,29458,,['UTC+02:00'],['Europe'],"{'latlng': [60.12, 19.9]}",
Northern Mariana Islands,Commonwealth of the Northern Mariana Islands,['.mp'],MP,580,MNP,False,officially-assigned,['Saipan'],Oceania,Micronesia,"[15.2, 145.75]",False,464.0,57557,,['UTC+10:00'],['Oceania'],"{'latlng': [15.2, 145.75]}",
Faroe Islands,Faroe Islands,['.fo'],FO,234,FRO,False,officially-assigned,['Tórshavn'],Europe,Northern Europe,"[62.0, -7.0]",False,1393.0,48865,FRO,['UTC+00:00'],['Europe'],"{'latlng': [62.01, -6.77]}",
Philippines,Republic of the Philippines,['.ph'],PH,608,PHL,True,officially-assigned,['Manila'],Asia,South-Eastern Asia,"[13.0, 122.0]",False,342353.0,109581085,PHI,['UTC+08:00'],['Asia'],"{'latlng': [14.6, 120.97]}",
Christmas Island,Territory of Christmas Island,['.cx'],CX,162,CXR,False,officially-assigned,['Flying Fish Cove'],Oceania,Australia and New Zealand,"[-10.5, 105.66666666]",False,135.0,2072,,['UTC+07:00'],['Asia'],"{'latlng': [-10.42, 105.68]}",
Saint Vincent and the Grenadines,Saint Vincent and the Grenadines,['.vc'],VC,670,VCT,True,officially-assigned,['Kingstown'],Americas,Caribbean,"[13.25, -61.2]",False,389.0,110947,VIN,['UTC-04:00'],['North America'],"{'latlng': [13.13, -61.22]}",
French Polynesia,French Polynesia,['.pf'],PF,258,PYF,False,officially-assigned,['Papeetē'],Oceania,Polynesia,"[17.6797, 149.4068]",False,4167.0,280904,,"['UTC-10:00', 'UTC-09:30', 'UTC-09:00']",['Oceania'],"{'latlng': [-17.53, -149.56]}",
Iran,Islamic Republic of Iran,"['.ir', 'ایران.']",IR,364,IRN,True,officially-assigned,['Tehran'],Asia,Southern Asia,"[32.0, 53.0]",False,1648195.0,83992953,IRN,['UTC+03:30'],['Asia'],"{'latlng': [35.7, 51.42]}","['AFG', 'ARM', 'AZE', 'IRQ', 'PAK', 'TUR', 'TKM']"
Maldives,Republic of the Maldives,['.mv'],MV,462,MDV,True,officially-assigned,['Malé'],Asia,Southern Asia,"[3.25, 73.0]",False,300.0,540542,MDV,['UTC+05:00'],['Asia'],"{'latlng': [4.17, 73.51]}",
Norfolk Island,Territory of Norfolk Island,['.nf'],NF,574,NFK,False,officially-assigned,['Kingston'],Oceania,Australia and New Zealand,"[-29.03333333, 167.95]",False,36.0,2302,,['UTC+11:30'],['Oceania'],"{'latlng': [-29.05, 167.97]}",
Cuba,Republic of Cuba,['.cu'],CU,192,CUB,True,officially-assigned,['Havana'],Americas,Caribbean,"[21.5, -80.0]",False,109884.0,11326616,CUB,['UTC-05:00'],['North America'],"{'latlng': [23.12, -82.35]}",
Estonia,Republic of Estonia,['.ee'],EE,233,EST,True,officially-assigned,['Tallinn'],Europe,Northern Europe,"[59.0, 26.0]",False,45227.0,1331057,EST,['UTC+02:00'],['Europe'],"{'latlng': [59.43, 24.72]}","['LVA', 'RUS']"
French Southern and Antarctic Lands,Territory of the French Southern and Antarctic Lands,['.tf'],TF,260,ATF,False,officially-assigned,['Port-aux-Français'],Antarctic,,"[-49.25, 69.167]",False,7747.0,400,,['UTC+05:00'],['Antarctica'],"{'latlng': [48.81, -1.4]}",
Libya,State of Libya,['.ly'],LY,434,LBY,True,officially-assigned,['Tripoli'],Africa,Northern Africa,"[25.0, 17.0]",False,1759540.0,6871287,LBY,['UTC+01:00'],['Africa'],"{'latlng': [32.88, 13.17]}","['DZA', 'TCD', 'EGY', 'NER', 'SDN', 'TUN']"
Algeria,People's Democratic Republic of Algeria,"['.dz', 'الجزائر.']",DZ,012,DZA,True,officially-assigned,['Algiers'],Africa,Northern Africa,"[28.0, 3.0]",False,2381741.0,44700000,ALG,['UTC+01:00'],['Africa'],"{'latlng': [36.75, 3.05]}","['TUN', 'LBY', 'NER', 'ESH', 'MRT', 'MLI', 'MAR']"
Mexico,United Mexican States,['.mx'],MX,484,MEX,True,officially-assigned,['Mexico City'],Americas,North America,"[23.0, -102.0]",False,1964375.0,128932753,MEX,"['UTC-08:00', 'UTC-07:00', 'UTC-06:00']",['North America'],"{'latlng': [19.43, -99.13]}","['BLZ', 'GTM', 'USA']"
Turkmenistan,Turkmenistan,['.tm'],TM,795,TKM,True,officially-assigned,['Ashgabat'],Asia,Central Asia,"[40.0, 60.0]",True,488100.0,6031187,TKM,['UTC+05:00'],['Asia'],"{'latlng': [37.95, 58.38]}","['AFG', 'IRN', 'KAZ', 'UZB']"
Niger,Republic of Niger,['.ne'],NE,562,NER,True,officially-assigned,['Niamey'],Africa,Western Africa,"[16.0, 8.0]",True,1267000.0,24206636,NIG,['UTC+01:00'],['Africa'],"{'latlng': [13.52, 2.12]}","['DZA', 'BEN', 'BFA', 'TCD', 'LBY', 'MLI', 'NGA']"
Puerto Rico,Commonwealth of Puerto Rico,['.pr'],PR,630,PRI,False,officially-assigned,['San Juan'],Americas,Caribbean,"[18.25, -66.5]",False,8870.0,3194034,PUR,['UTC-04:00'],['North America'],"{'latlng': [18.47, -66.12]}",
Myanmar,Republic of the Union of Myanmar,['.mm'],MM,104,MMR,True,officially-assigned,['Naypyidaw'],Asia,South-Eastern Asia,"[22.0, 98.0]",False,676578.0,54409794,MYA,['UTC+06:30'],['Asia'],"{'latlng': [19.76, 96.07]}","['BGD', 'CHN', 'IND', 'LAO', 'THA']"
Sint Maarten,Sint Maarten,['.sx'],SX,534,SXM,False,officially-assigned,['Philipsburg'],Americas,Caribbean,"[18.033333, -63.05]",False,34.0,40812,,['UTC-04:00'],['North America'],"{'latlng': [18.02, -63.03]}",['MAF']
Latvia,Republic of Latvia,['.lv'],LV,428,LVA,True,officially-assigned,['Riga'],Europe,Northern Europe,"[57.0, 25.0]",False,64559.0,1901548,LVA,['UTC+02:00'],['Europe'],"{'latlng': [56.95, 24.1]}","['BLR', 'EST', 'LTU', 'RUS']"
Liechtenstein,Principality of Liechtenstein,['.li'],LI,438,LIE,True,officially-assigned,['Vaduz'],Europe,Western Europe,"[47.26666666, 9.53333333]",True,160.0,38137,LIE,['UTC+01:00'],['Europe'],"{'latlng': [47.13, 9.52]}","['AUT', 'CHE']"
Russia,Russian Federation,"['.ru', '.su', '.рф']",RU,643,RUS,True,officially-assigned,['Moscow'],Europe,Eastern Europe,"[60.0, 100.0]",False,17098242.0,144104080,RUS,"['UTC+03:00', 'UTC+04:00', 'UTC+06:00', 'UTC+07:00', 'UTC+08:00', 'UTC+09:00', 'UTC+10:00', 'UTC+11:00', 'UTC+12:00']","['Europe', 'Asia']","{'latlng': [55.75, 37.6]}","['AZE', 'BLR', 'CHN', 'EST', 'FIN', 'GEO', 'KAZ', 'PRK', 'LVA', 'LTU', 'MNG', 'NOR', 'POL', 'UKR']"
Bosnia and Herzegovina,Bosnia and Herzegovina,['.ba'],BA,070,BIH,True,officially-assigned,['Sarajevo'],Europe,Southeast Europe,"[44.0, 18.0]",False,51209.0,3280815,BIH,['UTC+01:00'],['Europe'],"{'latlng': [43.87, 18.42]}","['HRV', 'MNE', 'SRB']"
Heard Island and McDonald Islands,Heard Island and McDonald Islands,"['.hm', '.aq']",HM,334,HMD,False,officially-assigned,,Antarctic,,"[53.0818, 73.5042]",False,412.0,0,,['UTC+05:00'],['Antarctica'],{},
Mauritania,Islamic Republic of Mauritania,['.mr'],MR,478,MRT,True,officially-assigned,['Nouakchott'],Africa,Western Africa,"[20.0, -12.0]",False,1030700.0,4649660,MTN,['UTC'],['Africa'],"{'latlng': [18.07, -15.97]}","['DZA', 'MLI', 'SEN', 'ESH']"
Kuwait,State of Kuwait,['.kw'],KW,414,KWT,True,officially-assigned,['Kuwait City'],Asia,Western Asia,"[29.5, 45.75]",False,17818.0,4270563,KUW,['UTC+03:00'],['Asia'],"{'latlng': [29.37, 47.97]}","['IRQ', 'SAU']"
Isle of Man,Isle of Man,['.im'],IM,833,IMN,False,officially-assigned,['Douglas'],Europe,Northern Europe,"[54.25, -4.5]",False,572.0,85032,,['UTC+00:00'],['Europe'],"{'latlng': [54.15, -4.48]}",
Cameroon,Republic of Cameroon,['.cm'],CM,120,CMR,True,officially-assigned,['Yaoundé'],Africa,Middle Africa,"[6.0, 12.0]",False,475442.0,26545864,CMR,['UTC+01:00'],['Africa'],"{'latlng': [3.85, 11.5]}","['CAF', 'TCD', 'COG', 'GNQ', 'GAB', 'NGA']"
Ireland,Republic of Ireland,['.ie'],IE,372,IRL,True,officially-assigned,['Dublin'],Europe,Northern Europe,"[53.0, -8.0]",False,70273.0,4994724,IRL,['UTC'],['Europe'],"{'latlng': [53.32, -6.23]}",['GBR']
Kyrgyzstan,Kyrgyz Republic,['.kg'],KG,417,KGZ,True,officially-assigned,['Bishkek'],Asia,Central Asia,"[41.0, 75.0]",True,199951.0,6591600,KGZ,['UTC+06:00'],['Asia'],"{'latlng': [42.87, 74.6]}","['CHN', 'KAZ', 'TJK', 'UZB']"
Lesotho,Kingdom of Lesotho,['.ls'],LS,426,LSO,True,officially-assigned,['Maseru'],Africa,Southern Africa,"[-29.5, 28.5]",True,30355.0,2142252,LES,['UTC+02:00'],['Africa'],"{'latlng': [-29.32, 27.48]}",['ZAF']
Croatia,Republic of Croatia,['.hr'],HR,191,HRV,True,officially-assigned,['Zagreb'],Europe,Southeast Europe,"[45.16666666, 15.5]",False,56594.0,4047200,CRO,['UTC+01:00'],['Europe'],"{'latlng': [45.8, 16.0]}","['BIH', 'HUN', 'MNE', 'SRB', 'SVN']"
Rwanda,Republic of Rwanda,['.rw'],RW,646,RWA,True,officially-assigned,['Kigali'],Africa,Eastern Africa,"[-2.0, 30.0]",True,26338.0,12952209,RWA,['UTC+02:00'],['Africa'],"{'latlng': [-1.95, 30.05]}","['BDI', 'COD', 'TZA', 'UGA']"
Sierra Leone,Republic of Sierra Leone,['.sl'],SL,694,SLE,True,officially-assigned,['Freetown'],Africa,Western Africa,"[8.5, -11.5]",False,71740.0,7976985,SLE,['UTC'],['Africa'],"{'latlng': [8.48, -13.23]}","['GIN', 'LBR']"
Ghana,Republic of Ghana,['.gh'],GH,288,GHA,True,officially-assigned,['Accra'],Africa,Western Africa,"[8.0, -2.0]",False,238533.0,31072945,GHA,['UTC'],['Africa'],"{'latlng': [5.55, -0.22]}","['BFA', 'CIV', 'TGO']"
Cayman Islands,Cayman Islands,['.ky'],KY,136,CYM,False,officially-assigned,['George Town'],Americas,Caribbean,"[19.3133, -81.2546]",False,264.0,65720,CAY,['UTC-05:00'],['North America'],"{'latlng': [19.3, -81.38]}",
Tunisia,Tunisian Republic,['.tn'],TN,788,TUN,True,officially-assigned,['Tunis'],Africa,Northern Africa,"[34.0, 9.0]",False,163610.0,11818618,TUN,['UTC+01:00'],['Africa'],"{'latlng': [36.8, 10.18]}","['DZA', 'LBY']"
Saint Pierre and Miquelon,Saint Pierre and Miquelon,['.pm'],PM,666,SPM,False,officially-assigned,['Saint-Pierre'],Americas,North America,"[46.83333333, -56.33333333]",False,242.0,6069,,['UTC-03:00'],['North America'],"{'latlng': [46.77, -56.18]}",
Tajikistan,Republic of Tajikistan,['.tj'],TJ,762,TJK,True,officially-assigned,['Dushanbe'],Asia,Central Asia,"[39.0, 71.0]",True,143100.0,9537642,TJK,['UTC+05:00'],['Asia'],"{'latlng': [38.55, 68.77]}","['AFG', 'CHN', 'KGZ', 'UZB']"
Chile,Republic of Chile,['.cl'],CL,152,CHL,True,officially-assigned,['Santiago'],Americas,South America,"[-30.0, -71.0]",False,756102.0,19116209,CHI,"['UTC-06:00', 'UTC-04:00']",['South America'],"{'latlng': [-33.45, -70.67]}","['ARG', 'BOL', 'PER']"
Suriname,Republic of Suriname,['.sr'],SR,740,SUR,True,officially-assigned,['Paramaribo'],Americas,South America,"[4.0, -56.0]",False,163820.0,586634,SUR,['UTC-03:00'],['South America'],"{'latlng': [5.83, -55.17]}","['BRA', 'GUF', 'GUY']"
Argentina,Argentine Republic,['.ar'],AR,032,ARG,True,officially-assigned,['Buenos Aires'],Americas,South America,"[-34.0, -64.0]",False,2780400.0,45376763,ARG,['UTC-03:00'],['South America'],"{'latlng': [-34.58, -58.67]}","['BOL', 'BRA', 'CHL', 'PRY', 'URY']"
Niue,Niue,['.nu'],NU,570,NIU,False,officially-assigned,['Alofi'],Oceania,Polynesia,"[-19.03333333, -169.86666666]",False,260.0,1470,,['UTC-11:00'],['Oceania'],"{'latlng': [-19.02, -169.92]}",
Portugal,Portuguese Republic,['.pt'],PT,620,PRT,True,officially-assigned,['Lisbon'],Europe,Southern Europe,"[39.5, -8.0]",False,92090.0,10305564,POR,"['UTC-01:00', 'UTC']",['Europe'],"{'latlng': [38.72, -9.13]}",['ESP']
Spain,Kingdom of Spain,['.es'],ES,724,ESP,True,officially-assigned,['Madrid'],Europe,Southern Europe,"[40.0, -4.0]",False,505992.0,47351567,ESP,"['UTC', 'UTC+01:00']",['Europe'],"{'latlng': [40.4, -3.68]}","['AND', 'FRA', 'GIB', 'PRT', 'MAR']"
Sudan,Republic of the Sudan,['.sd'],SD,729,SDN,True,officially-assigned,['Khartoum'],Africa,Northern Africa,"[15.0, 30.0]",False,1886068.0,43849269,SDN,['UTC+03:00'],['Africa'],"{'latlng': [15.6, 32.53]}","['CAF', 'TCD', 'EGY', 'ERI', 'ETH', 'LBY', 'SSD']"
United States Minor Outlying Islands,United States Minor Outlying Islands,['.us'],UM,581,UMI,False,officially-assigned,['Washington DC'],Americas,North America,"[19.3, 166.633333]",False,34.2,300,,"['UTC-11:00', 'UTC-10:00', 'UTC+12:00']",['Oceania'],{},
Azerbaijan,Republic of Azerbaijan,['.az'],AZ,031,AZE,True,officially-assigned,['Baku'],Asia,Western Asia,"[40.5, 47.5]",True,86600.0,10110116,AZE,['UTC+04:00'],"['Europe', 'Asia']","{'latlng': [40.38, 49.87]}","['ARM', 'GEO', 'IRN', 'RUS', 'TUR']"
Ukraine,Ukraine,"['.ua', '.укр']",UA,804,UKR,True,officially-assigned,['Kyiv'],Europe,Eastern Europe,"[49.0, 32.0]",False,603500.0,44134693,UKR,['UTC+02:00'],['Europe'],"{'latlng': [50.43, 30.52]}","['BLR', 'HUN', 'MDA', 'POL', 'ROU', 'RUS', 'SVK']"
Timor-Leste,Democratic Republic of Timor-Leste,['.tl'],TL,626,TLS,True,officially-assigned,['Dili'],Asia,South-Eastern Asia,"[-8.83333333, 125.91666666]",False,14874.0,1318442,TLS,['UTC+09:00'],['Oceania'],"{'latlng': [-8.58, 125.6]}",['IDN']
Falkland Islands,Falkland Islands,['.fk'],FK,238,FLK,False,officially-assigned,['Stanley'],Americas,South America,"[-51.75, -59.0]",False,12173.0,2563,,['UTC-04:00'],['South America'],"{'latlng': [-51.7, -57.85]}",
Belize,Belize,['.bz'],BZ,084,BLZ,True,officially-assigned,['Belmopan'],Americas,Central America,"[17.25, -88.75]",False,22966.0,397621,BLZ,['UTC-06:00'],['North America'],"{'latlng': [17.25, -88.77]}","['GTM', 'MEX']"
Laos,Lao People's Democratic Republic,['.la'],LA,418,LAO,True,officially-assigned,['Vientiane'],Asia,South-Eastern Asia,"[18.0, 105.0]",True,236800.0,7275556,LAO,['UTC+07:00'],['Asia'],"{'latlng': [17.97, 102.6]}","['MMR', 'KHM', 'CHN', 'THA', 'VNM']"
Peru,Republic of Peru,['.pe'],PE,604,PER,True,officially-assigned,['Lima'],Americas,South America,"[-10.0, -76.0]",False,1285216.0,32971846,PER,['UTC-05:00'],['South America'],"{'latlng': [-12.05, -77.05]}","['BOL', 'BRA', 'CHL', 'COL', 'ECU']"
Armenia,Republic of Armenia,['.am'],AM,051,ARM,True,officially-assigned,['Yerevan'],Asia,Western Asia,"[40.0, 45.0]",True,29743.0,2963234,ARM,['UTC+04:00'],['Asia'],"{'latlng': [40.17, 44.5]}","['AZE', 'GEO', 'IRN', 'TUR']"
Gabon,Gabonese Republic,['.ga'],GA,266,GAB,True,officially-assigned,['Libreville'],Africa,Middle Africa,"[-1.0, 11.75]",False,267668.0,2225728,GAB,['UTC+01:00'],['Africa'],"{'latlng': [0.38, 9.45]}","['CMR', 'COG', 'GNQ']"
Japan,Japan,"['.jp', '.みんな']",JP,392,JPN,True,officially-assigned,['Tokyo'],Asia,Eastern Asia,"[36.0, 138.0]",False,377930.0,125836021,JPN,['UTC+09:00'],['Asia'],"{'latlng': [35.68, 139.75]}",
Afghanistan,Islamic Republic of Afghanistan,['.af'],AF,004,AFG,True,officially-assigned,['Kabul'],Asia,Southern Asia,"[33.0, 65.0]",True,652230.0,40218234,AFG,['UTC+04:30'],['Asia'],"{'latlng': [34.52, 69.18]}","['IRN', 'PAK', 'TKM', 'UZB', 'TJK', 'CHN']"
Qatar,State of Qatar,"['.qa', 'قطر.']",QA,634,QAT,True,officially-assigned,['Doha'],Asia,Western Asia,"[25.5, 51.25]",False,11586.0,2881060,QAT,['UTC+03:00'],['Asia'],"{'latlng': [25.28, 51.53]}",['SAU']
Bangladesh,People's Republic of Bangladesh,['.bd'],BD,050,BGD,True,officially-assigned,['Dhaka'],Asia,Southern Asia,"[24.0, 90.0]",False,147570.0,164689383,BAN,['UTC+06:00'],['Asia'],"{'latlng': [23.72, 90.4]}","['MMR', 'IND']"
Bermuda,Bermuda,['.bm'],BM,060,BMU,False,officially-assigned,['Hamilton'],Americas,North America,"[32.33333333, -64.75]",False,54.0,63903,BER,['UTC-04:00'],['North America'],"{'latlng': [32.28, -64.78]}",
Canada,Canada,['.ca'],CA,124,CAN,True,officially-assigned,['Ottawa'],Americas,North America,"[60.0, -95.0]",False,9984670.0,38005238,CAN,"['UTC-08:00', 'UTC-07:00', 'UTC-06:00', 'UTC-05:00', 'UTC-04:00', 'UTC-03:30']",['North America'],"{'latlng': [45.42, -75.7]}",['USA']
Bahamas,Commonwealth of the Bahamas,['.bs'],BS,044,BHS,True,officially-assigned,['Nassau'],Americas,Caribbean,"[25.0343, -77.3963]",False,13943.0,393248,BAH,['UTC-05:00'],['North America'],"{'latlng': [25.08, -77.35]}",
El Salvador,Republic of El Salvador,['.sv'],SV,222,SLV,True,officially-assigned,['San Salvador'],Americas,Central America,"[13.83333333, -88.91666666]",False,21041.0,6486201,SLV,['UTC-06:00'],['North America'],"{'latlng': [13.7, -89.2]}","['GTM', 'HND']"
Vietnam,Socialist Republic of Vietnam,['.vn'],VN,704,VNM,True,officially-assigned,['Hanoi'],Asia,South-Eastern Asia,"[16.16666666, 107.83333333]",False,331212.0,97338583,VIE,['UTC+07:00'],['Asia'],"{'latlng': [21.03, 105.85]}","['KHM', 'CHN', 'LAO']"
Macau,Macao Special Administrative Region of the People's Republic of China,['.mo'],MO,446,MAC,False,officially-assigned,,Asia,Eastern Asia,"[22.16666666, 113.55]",False,30.0,649342,MAC,['UTC+08:00'],['Asia'],{},['CHN']
Marshall Islands,Republic of the Marshall Islands,['.mh'],MH,584,MHL,True,officially-assigned,['Majuro'],Oceania,Micronesia,"[9.0, 168.0]",False,181.0,59194,,['UTC+12:00'],['Oceania'],"{'latlng': [7.1, 171.38]}",
Solomon Islands,Solomon Islands,['.sb'],SB,090,SLB,True,officially-assigned,['Honiara'],Oceania,Melanesia,"[-8.0, 159.0]",False,28896.0,686878,SOL,['UTC+11:00'],['Oceania'],"{'latlng': [-9.43, 159.95]}",
Zambia,Republic of Zambia,['.zm'],ZM,894,ZMB,True,officially-assigned,['Lusaka'],Africa,Eastern Africa,"[-15.0, 30.0]",True,752612.0,18383956,ZAM,['UTC+02:00'],['Africa'],"{'latlng': [-15.42, 28.28]}","['AGO', 'BWA', 'COD', 'MWI', 'MOZ', 'NAM', 'TZA', 'ZWE']"
Eritrea,State of Eritrea,['.er'],ER,232,ERI,True,officially-assigned,['Asmara'],Africa,Eastern Africa,"[15.0, 39.0]",False,117600.0,5352000,ERI,['UTC+03:00'],['Africa'],"{'latlng': [15.33, 38.93]}","['DJI', 'ETH', 'SDN']"
Cambodia,Kingdom of Cambodia,['.kh'],KH,116,KHM,True,officially-assigned,['Phnom Penh'],Asia,South-Eastern Asia,"[13.0, 105.0]",False,181035.0,16718971,CAM,['UTC+07:00'],['Asia'],"{'latlng': [11.55, 104.92]}","['LAO', 'THA', 'VNM']"
Belgium,Kingdom of Belgium,['.be'],BE,056,BEL,True,officially-assigned,['Brussels'],Europe,Western Europe,"[50.83333333, 4.0]",False,30528.0,11555997,BEL,['UTC+01:00'],['Europe'],"{'latlng': [50.83, 4.33]}","['FRA', 'DEU', 'LUX', 'NLD']"
Brazil,Federative Republic of Brazil,['.br'],BR,076,BRA,True,officially-assigned,['Brasília'],Americas,South America,"[-10.0, -55.0]",False,8515767.0,212559409,BRA,"['UTC-05:00', 'UTC-04:00', 'UTC-03:00', 'UTC-02:00']",['South America'],"{'latlng': [-15.79, -47.88]}","['ARG', 'BOL', 'COL', 'GUF', 'GUY', 'PRY', 'PER', 'SUR', 'URY', 'VEN']"
Guinea-Bissau,Republic of Guinea-Bissau,['.gw'],GW,624,GNB,True,officially-assigned,['Bissau'],Africa,Western Africa,"[12.0, -15.0]",False,36125.0,1967998,GNB,['UTC'],['Africa'],"{'latlng': [11.85, -15.58]}","['GIN', 'SEN']"
Denmark,Kingdom of Denmark,['.dk'],DK,208,DNK,True,officially-assigned,['Copenhagen'],Europe,Northern Europe,"[56.0, 10.0]",False,43094.0,5831404,DEN,"['UTC-04:00', 'UTC-03:00', 'UTC-01:00', 'UTC', 'UTC+01:00']",['Europe'],"{'latlng': [55.67, 12.58]}",['DEU']
Mali,Republic of Mali,['.ml'],ML,466,MLI,True,officially-assigned,['Bamako'],Africa,Western Africa,"[17.0, -4.0]",True,1240192.0,20250834,MLI,['UTC'],['Africa'],"{'latlng': [12.65, -8.0]}","['DZA', 'BFA', 'GIN', 'CIV', 'MRT', 'NER', 'SEN']"
South Sudan,Republic of South Sudan,['.ss'],SS,728,SSD,True,officially-assigned,['Juba'],Africa,Middle Africa,"[7.0, 30.0]",True,619745.0,11193729,SSD,['UTC+03:00'],['Africa'],"{'latlng': [4.85, 31.62]}","['CAF', 'COD', 'ETH', 'KEN', 'SDN', 'UGA']"
Caribbean Netherlands,"Bonaire, Sint Eustatius and Saba","['.bq', '.nl']",BQ,535,BES,False,officially-assigned,['Kralendijk'],Americas,Caribbean,"[12.18, -68.25]",False,328.0,25987,,['UTC-04:00'],['North America'],"{'latlng': [12.14, -68.27]}",
Chad,Republic of Chad,['.td'],TD,148,TCD,True,officially-assigned,"[""N'Djamena""]",Africa,Middle Africa,"[15.0, 19.0]",True,1284000.0,16425859,CHA,['UTC+01:00'],['Africa'],"{'latlng': [12.1, 15.03]}","['CMR', 'CAF', 'LBY', 'NER', 'NGA', 'SDN']"
Greenland,Greenland,['.gl'],GL,304,GRL,False,officially-assigned,['Nuuk'],Americas,North America,"[72.0, -40.0]",False,2166086.0,56367,,"['UTC-04:00', 'UTC-03:00', 'UTC-01:00', 'UTC+00:00']",['North America'],"{'latlng': [64.18, -51.75]}",
Norway,Kingdom of Norway,['.no'],NO,578,NOR,True,officially-assigned,['Oslo'],Europe,Northern Europe,"[62.0, 10.0]",False,323802.0,5379475,NOR,['UTC+01:00'],['Europe'],"{'latlng': [59.92, 10.75]}","['FIN', 'SWE', 'RUS']"
Kazakhstan,Republic of Kazakhstan,"['.kz', '.қаз']",KZ,398,KAZ,True,officially-assigned,['Nur-Sultan'],Asia,Central Asia,"[48.0196, 66.9237]",True,2724900.0,18754440,KAZ,"['UTC+05:00', 'UTC+06:00']",['Asia'],"{'latlng': [51.16, 71.45]}","['CHN', 'KGZ', 'RUS', 'TKM', 'UZB']"
Paraguay,Republic of Paraguay,['.py'],PY,600,PRY,True,officially-assigned,['Asunción'],Americas,South America,"[-23.0, -58.0]",True,406752.0,7132530,PAR,['UTC-04:00'],['South America'],"{'latlng': [-25.28, -57.57]}","['ARG', 'BOL', 'BRA']"
Tokelau,Tokelau,['.tk'],TK,772,TKL,False,officially-assigned,['Fakaofo'],Oceania,Polynesia,"[-9.0, -172.0]",False,12.0,1411,,['UTC+13:00'],['Oceania'],"{'latlng': [-9.38, -171.22]}",
Mauritius,Republic of Mauritius,['.mu'],MU,480,MUS,True,officially-assigned,['Port Louis'],Africa,Eastern Africa,"[-20.28333333, 57.55]",False,2040.0,1265740,MRI,['UTC+04:00'],['Africa'],"{'latlng': [-20.15, 57.48]}",
Poland,Republic of Poland,['.pl'],PL,616,POL,True,officially-assigned,['Warsaw'],Europe,Central Europe,"[52.0, 20.0]",False,312679.0,37950802,POL,['UTC+01:00'],['Europe'],"{'latlng': [52.25, 21.0]}","['BLR', 'CZE', 'DEU', 'LTU', 'RUS', 'SVK', 'UKR']"
Moldova,Republic of Moldova,['.md'],MD,498,MDA,True,officially-assigned,['Chișinău'],Europe,Eastern Europe,"[47.0, 29.0]",True,33846.0,2617820,MDA,['UTC+02:00'],['Europe'],"{'latlng': [47.01, 28.9]}","['ROU', 'UKR']"
China,People's Republic of China,"['.cn', '.中国', '.中國', '.公司', '.网络']",CN,156,CHN,True,officially-assigned,['Beijing'],Asia,Eastern Asia,"[35.0, 105.0]",False,9706961.0,1402112000,CHN,['UTC+08:00'],['Asia'],"{'latlng': [39.92, 116.38]}","['AFG', 'BTN', 'MMR', 'HKG', 'IND', 'KAZ', 'NPL', 'PRK', 'KGZ', 'LAO', 'MAC', 'MNG', 'PAK', 'RUS', 'TJK', 'VNM']"
Fiji,Republic of Fiji,['.fj'],FJ,242,FJI,True,officially-assigned,['Suva'],Oceania,Melanesia,"[17.7134, 178.065]",False,18272.0,896444,FIJ,['UTC+12:00'],['Oceania'],"{'latlng': [-18.13, 178.42]}",
French Guiana,Guiana,['.gf'],GF,254,GUF,False,officially-assigned,['Cayenne'],Americas,South America,"[4.0, -53.0]",False,83534.0,254541,,['UTC-03:00'],['South America'],"{'latlng': [4.94, -52.33]}","['BRA', 'SUR']"
São Tomé and Príncipe,Democratic Republic of São Tomé and Príncipe,['.st'],ST,678,STP,True,officially-assigned,['São Tomé'],Africa,Middle Africa,"[1.0, 7.0]",False,964.0,219161,STP,['UTC'],['Africa'],"{'latlng': [0.34, 6.73]}",
South Georgia,South Georgia and the South Sandwich Islands,['.gs'],GS,239,SGS,False,officially-assigned,['King Edward Point'],Antarctic,,"[-54.5, -37.0]",False,3903.0,30,,['UTC-02:00'],['Antarctica'],"{'latlng': [-54.28, -36.5]}",
Guyana,Co-operative Republic of Guyana,['.gy'],GY,328,GUY,True,officially-assigned,['Georgetown'],Americas,South America,"[5.0, -59.0]",False,214969.0,786559,GUY,['UTC-04:00'],['South America'],"{'latlng': [6.8, -58.15]}","['BRA', 'SUR', 'VEN']"
Slovakia,Slovak Republic,['.sk'],SK,703,SVK,True,officially-assigned,['Bratislava'],Europe,Central Europe,"[48.66666666, 19.5]",True,49037.0,5458827,SVK,['UTC+01:00'],['Europe'],"{'latlng': [48.15, 17.12]}","['AUT', 'CZE', 'HUN', 'POL', 'UKR']"
Réunion,Réunion Island,['.re'],RE,638,REU,False,officially-assigned,['Saint-Denis'],Africa,Eastern Africa,"[-21.15, 55.5]",False,2511.0,840974,,['UTC+04:00'],['Africa'],"{'latlng': [-20.88, 55.45]}",
Barbados,Barbados,['.bb'],BB,052,BRB,True,officially-assigned,['Bridgetown'],Americas,Caribbean,"[13.16666666, -59.53333333]",False,430.0,287371,BRB,['UTC-04:00'],['North America'],"{'latlng': [13.1, -59.62]}",
Sweden,Kingdom of Sweden,['.se'],SE,752,SWE,True,officially-assigned,['Stockholm'],Europe,Northern Europe,"[62.0, 15.0]",False,450295.0,10353442,SWE,['UTC+01:00'],['Europe'],"{'latlng': [59.33, 18.05]}","['FIN', 'NOR']"
Pitcairn Islands,Pitcairn Group of Islands,['.pn'],PN,612,PCN,False,officially-assigned,['Adamstown'],Oceania,Polynesia,"[-25.06666666, -130.1]",False,47.0,56,,['UTC-08:00'],['Oceania'],"{'latlng': [-25.07, -130.08]}",
Senegal,Republic of Senegal,['.sn'],SN,686,SEN,True,officially-assigned,['Dakar'],Africa,Western Africa,"[14.0, -14.0]",False,196722.0,16743930,SEN,['UTC'],['Africa'],"{'latlng': [14.73, -17.63]}","['GMB', 'GIN', 'GNB', 'MLI', 'MRT']"
Slovenia,Republic of Slovenia,['.si'],SI,705,SVN,True,officially-assigned,['Ljubljana'],Europe,Central Europe,"[46.11666666, 14.81666666]",False,20273.0,2100126,SVN,['UTC+01:00'],['Europe'],"{'latlng': [46.05, 14.52]}","['AUT', 'HRV', 'ITA', 'HUN']"
Bahrain,Kingdom of Bahrain,['.bh'],BH,048,BHR,True,officially-assigned,['Manama'],Asia,Western Asia,"[26.0, 50.55]",False,765.0,1701583,BHR,['UTC+03:00'],['Asia'],"{'latlng': [26.23, 50.57]}",
Somalia,Federal Republic of Somalia,['.so'],SO,706,SOM,True,officially-assigned,['Mogadishu'],Africa,Eastern Africa,"[10.0, 49.0]",False,637657.0,15893219,SOM,['UTC+03:00'],['Africa'],"{'latlng': [2.07, 45.33]}","['DJI', 'ETH', 'KEN']"
Tonga,Kingdom of Tonga,['.to'],TO,776,TON,True,officially-assigned,"[""Nuku'alofa""]",Oceania,Polynesia,"[-20.0, -175.0]",False,747.0,105697,TGA,['UTC+13:00'],['Oceania'],"{'latlng': [-21.13, -175.2]}",
Hong Kong,Hong Kong Special Administrative Region of the People's Republic of China,"['.hk', '.香港']",HK,344,HKG,False,officially-assigned,['City of Victoria'],Asia,Eastern Asia,"[22.267, 114.188]",False,1104.0,7500700,HKG,['UTC+08:00'],['Asia'],"{'latlng': [22.267, 114.188]}",['CHN']
Brunei,"Nation of Brunei, Abode of Peace",['.bn'],BN,096,BRN,True,officially-assigned,['Bandar Seri Begawan'],Asia,South-Eastern Asia,"[4.5, 114.66666666]",False,5765.0,437483,BRU,['UTC+08:00'],['Asia'],"{'latlng': [4.88, 114.93]}",['MYS']
Saint Kitts and Nevis,Federation of Saint Christopher and Nevis,['.kn'],KN,659,KNA,True,officially-assigned,['Basseterre'],Americas,Caribbean,"[17.33333333, -62.75]",False,261.0,53192,SKN,['UTC-04:00'],['North America'],"{'latlng': [17.3, -62.72]}",
Monaco,Principality of Monaco,['.mc'],MC,492,MCO,True,officially-assigned,['Monaco'],Europe,Western Europe,"[43.73333333, 7.4]",False,2.02,39244,,['UTC+01:00'],['Europe'],"{'latlng': [43.73, 7.42]}",['FRA']
Albania,Republic of Albania,['.al'],AL,008,ALB,True,officially-assigned,['Tirana'],Europe,Southeast Europe,"[41.0, 20.0]",False,28748.0,2837743,ALB,['UTC+01:00'],['Europe'],"{'latlng': [41.32, 19.82]}","['MNE', 'GRC', 'MKD', 'UNK']"
Malawi,Republic of Malawi,['.mw'],MW,454,MWI,True,officially-assigned,['Lilongwe'],Africa,Eastern Africa,"[-13.5, 34.0]",True,118484.0,19129955,MWI,['UTC+02:00'],['Africa'],"{'latlng': [-13.97, 33.78]}","['MOZ', 'TZA', 'ZMB']"
Mayotte,Department of Mayotte,['.yt'],YT,175,MYT,False,officially-assigned,['Mamoudzou'],Africa,Eastern Africa,"[-12.83333333, 45.16666666]",False,374.0,226915,,['UTC+03:00'],['Africa'],"{'latlng': [-12.78, 45.22]}",
Finland,Republic of Finland,['.fi'],FI,246,FIN,True,officially-assigned,['Helsinki'],Europe,Northern Europe,"[64.0, 26.0]",False,338424.0,5530719,FIN,['UTC+02:00'],['Europe'],"{'latlng': [60.17, 24.93]}","['NOR', 'SWE', 'RUS']"
Aruba,Aruba,['.aw'],AW,533,ABW,False,officially-assigned,['Oranjestad'],Americas,Caribbean,"[12.5, -69.96666666]",False,180.0,106766,ARU,['UTC-04:00'],['North America'],"{'latlng': [12.52, -70.03]}",
Greece,Hellenic Republic,['.gr'],GR,300,GRC,True,officially-assigned,['Athens'],Europe,Southern Europe,"[39.0, 22.0]",False,131990.0,10715549,GRE,['UTC+02:00'],['Europe'],"{'latlng': [37.98, 23.73]}","['ALB', 'BGR', 'TUR', 'MKD']"
Central African Republic,Central African Republic,['.cf'],CF,140,CAF,True,officially-assigned,['Bangui'],Africa,Middle Africa,"[7.0, 21.0]",True,622984.0,4829764,CTA,['UTC+01:00'],['Africa'],"{'latlng': [4.37, 18.58]}","['CMR', 'TCD', 'COD', 'COG', 'SSD', 'SDN']"
Kenya,Republic of Kenya,['.ke'],KE,404,KEN,True,officially-assigned,['Nairobi'],Africa,Eastern Africa,"[1.0, 38.0]",False,580367.0,53771300,KEN,['UTC+03:00'],['Africa'],"{'latlng': [-1.28, 36.82]}","['ETH', 'SOM', 'SSD', 'TZA', 'UGA']"
Netherlands,Kingdom of the Netherlands,['.nl'],NL,528,NLD,True,officially-assigned,['Amsterdam'],Europe,Western Europe,"[52.5, 5.75]",False,41850.0,16655799,NED,['UTC+01:00'],['Europe'],"{'latlng': [52.35, 4.92]}","['BEL', 'DEU']"
Tuvalu,Tuvalu,['.tv'],TV,798,TUV,True,officially-assigned,['Funafuti'],Oceania,Polynesia,"[-8.0, 178.0]",False,26.0,11792,,['UTC+12:00'],['Oceania'],"{'latlng': [-8.52, 179.22]}",
Cocos (Keeling) Islands,Territory of the Cocos (Keeling) Islands,['.cc'],CC,166,CCK,False,officially-assigned,['West Island'],Oceania,Australia and New Zealand,"[12.1642, 96.871]",False,14.0,544,,['UTC+06:30'],['Asia'],"{'latlng': [-12.17, 96.83]}",
Venezuela,Bolivarian Republic of Venezuela,['.ve'],VE,862,VEN,True,officially-assigned,['Caracas'],Americas,South America,"[8.0, -66.0]",False,916445.0,28435943,VEN,['UTC-04:00'],['South America'],"{'latlng': [10.48, -66.87]}","['BRA', 'COL', 'GUY']"
Antigua and Barbuda,Antigua and Barbuda,['.ag'],AG,028,ATG,True,officially-assigned,"[""Saint John's""]",Americas,Caribbean,"[17.05, -61.8]",False,442.0,97928,ATG,['UTC-04:00'],['North America'],"{'latlng': [17.12, -61.85]}",
Togo,Togolese Republic,['.tg'],TG,768,TGO,True,officially-assigned,['Lomé'],Africa,Western Africa,"[8.0, 1.16666666]",False,56785.0,8278737,TOG,['UTC'],['Africa'],"{'latlng': [6.14, 1.21]}","['BEN', 'BFA', 'GHA']"
Guadeloupe,Guadeloupe,['.gp'],GP,312,GLP,False,officially-assigned,['Basse-Terre'],Americas,Caribbean,"[16.25, -61.583333]",False,1628.0,400132,,['UTC-04:00'],['North America'],"{'latlng': [16.03, -61.73]}",
New Caledonia,New Caledonia,['.nc'],NC,540,NCL,False,officially-assigned,['Nouméa'],Oceania,Melanesia,"[-21.5, 165.5]",False,18575.0,271960,NCL,['UTC+11:00'],['Oceania'],"{'latlng': [-22.27, 166.45]}",
Gibraltar,Gibraltar,['.gi'],GI,292,GIB,False,officially-assigned,['Gibraltar'],Europe,Southern Europe,"[36.13333333, -5.35]",False,6.0,33691,GIB,['UTC+01:00'],['Europe'],"{'latlng': [36.13, -5.35]}",['ESP']
Grenada,Grenada,['.gd'],GD,308,GRD,True,officially-assigned,"[""St. George's""]",Americas,Caribbean,"[12.11666666, -61.66666666]",False,344.0,112519,GRN,['UTC-04:00'],['North America'],"{'latlng': [32.38, -64.68]}",
United States Virgin Islands,Virgin Islands of the United States,['.vi'],VI,850,VIR,False,officially-assigned,['Charlotte Amalie'],Americas,Caribbean,"[18.35, -64.933333]",False,347.0,106290,VIR,['UTC-04:00'],['North America'],"{'latlng': [18.35, -64.93]}",
United States,United States of America,['.us'],US,840,USA,True,officially-assigned,"['Washington, D.C.']",Americas,North America,"[38.0, -97.0]",False,9372610.0,329484123,USA,"['UTC-12:00', 'UTC-11:00', 'UTC-10:00', 'UTC-09:00', 'UTC-08:00', 'UTC-07:00', 'UTC-06:00', 'UTC-05:00', 'UTC-04:00', 'UTC+10:00', 'UTC+12:00']",['North America'],"{'latlng': [38.89, -77.05]}","['CAN', 'MEX']"
Burundi,Republic of Burundi,['.bi'],BI,108,BDI,True,officially-assigned,['Gitega'],Africa,Eastern Africa,"[-3.5, 30.0]",True,27834.0,11890781,BDI,['UTC+02:00'],['Africa'],"{'latlng': [-3.43, 29.93]}","['COD', 'RWA', 'TZA']"
Malaysia,Malaysia,['.my'],MY,458,MYS,True,officially-assigned,['Kuala Lumpur'],Asia,South-Eastern Asia,"[2.5, 112.5]",False,330803.0,32365998,MAS,['UTC+08:00'],['Asia'],"{'latlng': [3.17, 101.7]}","['BRN', 'IDN', 'THA']"
Gambia,Republic of the Gambia,['.gm'],GM,270,GMB,True,officially-assigned,['Banjul'],Africa,Western Africa,"[13.46666666, -16.56666666]",False,10689.0,2416664,GAM,['UTC+00:00'],['Africa'],"{'latlng': [13.45, -16.57]}",['SEN']
Guinea,Republic of Guinea,['.gn'],GN,324,GIN,True,officially-assigned,['Conakry'],Africa,Western Africa,"[11.0, -10.0]",False,245857.0,13132792,GUI,['UTC'],['Africa'],"{'latlng': [9.5, -13.7]}","['CIV', 'GNB', 'LBR', 'MLI', 'SEN', 'SLE']"
Jamaica,Jamaica,['.jm'],JM,388,JAM,True,officially-assigned,['Kingston'],Americas,Caribbean,"[18.25, -77.5]",False,10991.0,2961161,JAM,['UTC-05:00'],['North America'],"{'latlng': [17.99702, -76.79358]}",
United Arab Emirates,United Arab Emirates,"['.ae', 'امارات.']",AE,784,ARE,True,officially-assigned,['Abu Dhabi'],Asia,Western Asia,"[24.0, 54.0]",False,83600.0,9890400,UAE,['UTC+04:00'],['Asia'],"{'latlng': [24.47, 54.37]}","['OMN', 'SAU']"
Jersey,Bailiwick of Jersey,['.je'],JE,832,JEY,False,officially-assigned,['Saint Helier'],Europe,Northern Europe,"[49.25, -2.16666666]",False,116.0,100800,,['UTC+01:00'],['Europe'],"{'latlng': [49.18, -2.1]}",
Guernsey,Bailiwick of Guernsey,['.gg'],GG,831,GGY,False,officially-assigned,['St. Peter Port'],Europe,Northern Europe,"[49.46666666, -2.58333333]",False,78.0,62999,,['UTC+00:00'],['Europe'],"{'latlng': [49.45, -2.54]}",
Vatican City,Vatican City State,['.va'],VA,336,VAT,True,officially-assigned,['Vatican City'],Europe,Southern Europe,"[41.9, 12.45]",True,0.44,451,,['UTC+01:00'],['Europe'],"{'latlng': [41.9, 12.45]}",['ITA']
France,French Republic,['.fr'],FR,250,FRA,True,officially-assigned,['Paris'],Europe,Western Europe,"[46.0, 2.0]",False,551695.0,67391582,FRA,"['UTC-10:00', 'UTC-09:30', 'UTC-09:00', 'UTC-08:00', 'UTC-04:00', 'UTC-03:00', 'UTC+01:00', 'UTC+02:00', 'UTC+03:00', 'UTC+04:00', 'UTC+05:00', 'UTC+10:00', 'UTC+11:00', 'UTC+12:00']",['Europe'],"{'latlng': [48.87, 2.33]}","['AND', 'BEL', 'DEU', 'ITA', 'LUX', 'MCO', 'ESP', 'CHE']"
British Virgin Islands,Virgin Islands,['.vg'],VG,092,VGB,False,officially-assigned,['Road Town'],Americas,Caribbean,"[18.431383, -64.62305]",False,151.0,30237,VGB,['UTC-04:00'],['North America'],"{'latlng': [18.42, -64.62]}",
Cape Verde,Republic of Cabo Verde,['.cv'],CV,132,CPV,True,officially-assigned,['Praia'],Africa,Western Africa,"[16.5388, 23.0418]",False,4033.0,555988,CPV,['UTC-01:00'],['Africa'],"{'latlng': [14.92, -23.52]}",
Lithuania,Republic of Lithuania,['.lt'],LT,440,LTU,True,officially-assigned,['Vilnius'],Europe,Northern Europe,"[56.0, 24.0]",False,65300.0,2794700,LTU,['UTC+02:00'],['Europe'],"{'latlng': [54.68, 25.32]}","['BLR', 'LVA', 'POL', 'RUS']"
Syria,Syrian Arab Republic,"['.sy', 'سوريا.']",SY,760,SYR,True,officially-assigned,['Damascus'],Asia,Western Asia,"[35.0, 38.0]",False,185180.0,17500657,SYR,['UTC+02:00'],['Asia'],"{'latlng': [33.5, 36.3]}","['IRQ', 'ISR', 'JOR', 'LBN', 'TUR']"
Saint Martin,Saint Martin,"['.fr', '.gp']",MF,663,MAF,False,officially-assigned,['Marigot'],Americas,Caribbean,"[18.0708, 63.0501]",False,53.0,38659,,['UTC-04:00'],['North America'],"{'latlng': [18.07, -63.08]}",['SXM']
India,Republic of India,['.in'],IN,356,IND,True,officially-assigned,['New Delhi'],Asia,Southern Asia,"[20.0, 77.0]",False,3287590.0,1380004385,IND,['UTC+05:30'],['Asia'],"{'latlng': [28.6, 77.2]}","['BGD', 'BTN', 'MMR', 'CHN', 'NPL', 'PAK']"
Switzerland,Swiss Confederation,['.ch'],CH,756,CHE,True,officially-assigned,['Bern'],Europe,Western Europe,"[47.0, 8.0]",True,41284.0,8654622,SUI,['UTC+01:00'],['Europe'],"{'latlng': [46.92, 7.47]}","['AUT', 'FRA', 'ITA', 'LIE', 'DEU']"
Djibouti,Republic of Djibouti,['.dj'],DJ,262,DJI,True,officially-assigned,['Djibouti'],Africa,Eastern Africa,"[11.5, 43.0]",False,23200.0,988002,DJI,['UTC+03:00'],['Africa'],"{'latlng': [11.58, 43.15]}","['ERI', 'ETH', 'SOM']"
Andorra,Principality of Andorra,['.ad'],AD,020,AND,True,officially-assigned,['Andorra la Vella'],Europe,Southern Europe,"[42.5, 1.5]",True,468.0,77265,AND,['UTC+01:00'],['Europe'],"{'latlng': [42.5, 1.52]}","['FRA', 'ESP']"
Serbia,Republic of Serbia,"['.rs', '.срб']",RS,688,SRB,True,officially-assigned,['Belgrade'],Europe,Southeast Europe,"[44.0, 21.0]",True,88361.0,6908224,SRB,['UTC+01:00'],['Europe'],"{'latlng': [44.83, 20.5]}","['BIH', 'BGR', 'HRV', 'HUN', 'UNK', 'MKD', 'MNE', 'ROU']"
Namibia,Republic of Namibia,['.na'],NA,516,NAM,True,officially-assigned,['Windhoek'],Africa,Southern Africa,"[-22.0, 17.0]",False,825615.0,2540916,NAM,['UTC+01:00'],['Africa'],"{'latlng': [-22.57, 17.08]}","['AGO', 'BWA', 'ZAF', 'ZMB']"
Jordan,Hashemite Kingdom of Jordan,"['.jo', 'الاردن.']",JO,400,JOR,True,officially-assigned,['Amman'],Asia,Western Asia,"[31.0, 36.0]",False,89342.0,10203140,JOR,['UTC+03:00'],['Asia'],"{'latlng': [31.95, 35.93]}","['IRQ', 'ISR', 'PSE', 'SAU', 'SYR']"
Luxembourg,Grand Duchy of Luxembourg,['.lu'],LU,442,LUX,True,officially-assigned,['Luxembourg'],Europe,Western Europe,"[49.75, 6.16666666]",True,2586.0,632275,LUX,['UTC+01:00'],['Europe'],"{'latlng': [49.6, 6.12]}","['BEL', 'FRA', 'DEU']"
"Saint Helena, Ascension and Tristan da Cunha","Saint Helena, Ascension and Tristan da Cunha","['.sh', '.ac']",SH,654,SHN,False,officially-assigned,['Jamestown'],Africa,Western Africa,"[-15.95, -5.72]",False,394.0,53192,,['UTC+00:00'],['Africa'],"{'latlng': [-15.93, -5.72]}",
Comoros,Union of the Comoros,['.km'],KM,174,COM,True,officially-assigned,['Moroni'],Africa,Eastern Africa,"[-12.16666666, 44.25]",False,1862.0,869595,COM,['UTC+03:00'],['Africa'],"{'latlng': [-11.7, 43.23]}",
Panama,Republic of Panama,['.pa'],PA,591,PAN,True,officially-assigned,['Panama City'],Americas,Central America,"[9.0, -80.0]",False,75417.0,4314768,PAN,['UTC-05:00'],['North America'],"{'latlng': [8.97, -79.53]}","['COL', 'CRI']"
Equatorial Guinea,Republic of Equatorial Guinea,['.gq'],GQ,226,GNQ,True,officially-assigned,['Malabo'],Africa,Middle Africa,"[2.0, 10.0]",False,28051.0,1402985,EQG,['UTC+01:00'],['Africa'],"{'latlng': [3.75, 8.78]}","['CMR', 'GAB']"
Georgia,Georgia,['.ge'],GE,268,GEO,True,officially-assigned,['Tbilisi'],Asia,Western Asia,"[42.0, 43.5]",False,69700.0,3714000,GEO,['UTC+04:00'],['Asia'],"{'latlng': [41.68, 44.83]}","['ARM', 'AZE', 'RUS', 'TUR']"
Hungary,Hungary,['.hu'],HU,348,HUN,True,officially-assigned,['Budapest'],Europe,Central Europe,"[47.0, 20.0]",True,93028.0,9749763,HUN,['UTC+01:00'],['Europe'],"{'latlng': [47.5, 19.08]}","['AUT', 'HRV', 'ROU', 'SRB', 'SVK', 'SVN', 'UKR']"
Czechia,Czech Republic,['.cz'],CZ,203,CZE,True,officially-assigned,['Prague'],Europe,Central Europe,"[49.75, 15.5]",True,78865.0,10698896,CZE,['UTC+01:00'],['Europe'],"{'latlng': [50.08, 14.47]}","['AUT', 'DEU', 'POL', 'SVK']"
Montenegro,Montenegro,['.me'],ME,499,MNE,True,officially-assigned,['Podgorica'],Europe,Southeast Europe,"[42.5, 19.3]",False,13812.0,621718,MNE,['UTC+01:00'],['Europe'],"{'latlng': [42.43, 19.27]}","['ALB', 'BIH', 'HRV', 'UNK', 'SRB']"
San Marino,Republic of San Marino,['.sm'],SM,674,SMR,True,officially-assigned,['City of San Marino'],Europe,Southern Europe,"[43.76666666, 12.41666666]",True,61.0,33938,SMR,['UTC+01:00'],['Europe'],"{'latlng': [43.94, 12.45]}",['ITA']
South Korea,Republic of Korea,"['.kr', '.한국']",KR,410,KOR,True,officially-assigned,['Seoul'],Asia,Eastern Asia,"[37.0, 127.5]",False,100210.0,51780579,KOR,['UTC+09:00'],['Asia'],"{'latlng': [37.55, 126.98]}",['PRK']
Uruguay,Oriental Republic of Uruguay,['.uy'],UY,858,URY,True,officially-assigned,['Montevideo'],Americas,South America,"[-33.0, -56.0]",False,181034.0,3473727,URU,['UTC-03:00'],['South America'],"{'latlng': [-34.85, -56.17]}","['ARG', 'BRA']"
Colombia,Republic of Colombia,['.co'],CO,170,COL,True,officially-assigned,['Bogotá'],Americas,South America,"[4.0, -72.0]",False,1141748.0,50882884,COL,['UTC-05:00'],['South America'],"{'latlng': [4.71, -74.07]}","['BRA', 'ECU', 'PAN', 'PER', 'VEN']"
Anguilla,Anguilla,['.ai'],AI,660,AIA,False,officially-assigned,['The Valley'],Americas,Caribbean,"[18.25, -63.16666666]",False,91.0,13452,AIA,['UTC-04:00'],['North America'],"{'latlng': [18.22, -63.05]}",
American Samoa,American Samoa,['.as'],AS,016,ASM,False,officially-assigned,['Pago Pago'],Oceania,Polynesia,"[-14.33333333, -170.0]",False,199.0,55197,ASA,['UTC-11:00'],['Oceania'],"{'latlng': [-14.27, -170.7]}",
Micronesia,Federated States of Micronesia,['.fm'],FM,583,FSM,True,officially-assigned,['Palikir'],Oceania,Micronesia,"[6.91666666, 158.25]",False,702.0,115021,,"['UTC+10:00', 'UTC+11:00']",['Oceania'],"{'latlng': [6.92, 158.15]}",
Sri Lanka,Democratic Socialist Republic of Sri Lanka,"['.lk', '.இலங்கை', '.ලංකා']",LK,144,LKA,True,officially-assigned,['Sri Jayawardenepura Kotte'],Asia,Southern Asia,"[7.0, 81.0]",False,65610.0,21919000,SRI,['UTC+05:30'],['Asia'],"{'latlng': [6.89, 79.9]}",['IND']
South Africa,Republic of South Africa,['.za'],ZA,710,ZAF,True,officially-assigned,"['Pretoria', 'Bloemfontein', 'Cape Town']",Africa,Southern Africa,"[-29.0, 24.0]",False,1221037.0,59308690,RSA,['UTC+02:00'],['Africa'],"{'latlng': [-25.7, 28.22]}","['BWA', 'LSO', 'MOZ', 'NAM', 'SWZ', 'ZWE']"
Nicaragua,Republic of Nicaragua,['.ni'],NI,558,NIC,True,officially-assigned,['Managua'],Americas,Central America,"[13.0, -85.0]",False,130373.0,6624554,NCA,['UTC-06:00'],['North America'],"{'latlng': [12.13, -86.25]}","['CRI', 'HND']"
